,id,budget,genres,original_language,original_title,overview,popularity,poster,release_year,release_date,release_date_str,revenue,runtime,tagline,title,vote_average,vote_count
0,0,40218400,"['Crime', 'Drama']","['English', 'Italian', 'Latin']",The Godfather,The aging patriarch of an organized crime dynasty transfers control of his clandestine empire to his reluctant son.,97.0,https://m.media-amazon.com/images/M/MV5BM2MyNjYxNmUtYTAwNi00MTYxLWJmNWYtYzZlODY3ZTk3OTFlXkEyXkFqcGdeQXVyNzkwMjQ5NzM@._V1_SX300.jpg,1972,70223400,24 Mar 1972,"$136,381,073",175 min,The aging patriarch of an organized crime dynasty transfers control of his clandestine empire to his reluctant son.,The Godfather,9.2,"2,048,917"
1,1,40218400,['Drama'],['English'],The Shawshank Redemption,"Two imprisoned men bond over a number of years, finding solace and eventual redemption through acts of common decency.",89.0,https://m.media-amazon.com/images/M/MV5BNDE3ODcxYzMtY2YzZC00NmNlLWJiNDMtZDViZWM2MzIxZDYwXkEyXkFqcGdeQXVyNjAwNDUxODI@._V1_SX300.jpg,1994,782073000,14 Oct 1994,"$28,767,189",142 min,"A Maine banker convicted of the murder of his wife and her lover in 1947 gradually forms a friendship over a quarter century with a hardened convict, while maintaining his innocence and trying to remain hopeful through simple comp...",The Shawshank Redemption,9.3,"2,932,194"
2,2,40218400,"['Action', 'Crime', 'Drama']","['English', 'Mandarin']",The Dark Knight,"When the menace known as the Joker emerges, Batman must accept one of the greatest psychological and physical tests of his ability to fight injustice.",94.0,https://m.media-amazon.com/images/M/MV5BMTMxNTMwODM0NF5BMl5BanBnXkFtZTcwODAyMTk2Mw@@._V1_SX300.jpg,2008,1216319400,18 Jul 2008,"$534,987,076",152 min,"When the menace known as the Joker wreaks havoc and chaos on the people of Gotham, Batman, James Gordon and Harvey Dent must work together to put an end to the madness.",The Dark Knight,9.0,"2,919,777"
3,3,40218400,"['Crime', 'Drama']","['English', 'Spanish', 'French']",Pulp Fiction,"The lives of two mob hitmen, a boxer, a gangster, and his wife intertwine in four tales of violence and redemption.",92.0,https://m.media-amazon.com/images/M/MV5BNGNhMDIzZTUtNTBlZi00MTRlLWFjM2ItYzViMjE3YzI5MjljXkEyXkFqcGdeQXVyNzkwMjQ5NzM@._V1_SX300.jpg,1994,782073000,14 Oct 1994,"$107,928,762",154 min,"The lives of two mob hitmen, a boxer, a gangster and his wife, and a pair of diner bandits intertwine in four tales of violence and redemption.",Pulp Fiction,8.9,"2,257,639"
4,4,40218400,"['Biography', 'Drama', 'History']","['English', 'Hebrew', 'German', 'Polish', 'Latin']",Schindler's List,"In German-occupied Poland during World War II, industrialist Oskar Schindler saves thousands of Jews from the Holocaust by employing them in his factories.",98.0,https://m.media-amazon.com/images/M/MV5BNDE4OTMxMTctNmRhYy00NWE2LTg3YzItYTk3M2UwOTU5Njg4XkEyXkFqcGdeQXVyNjU0OTQ0OTY@._V1_SX300.jpg,1993,760300200,04 Feb 1994,"$96,898,818",195 min,"In German-occupied Poland during World War II, industrialist Oskar Schindler gradually becomes concerned for his Jewish workforce after witnessing their persecution by the Nazis.",Schindler's List,9.0,"1,474,085"
5,5,40218400,"['Action', 'Adventure', 'Sci-Fi']","['English', 'Japanese', 'French']",Inception,"A thief who enters the dreams of others to steal secrets must now plant an idea into someone's mind, a task that proves to be more difficult than expected.",87.0,https://m.media-amazon.com/images/M/MV5BMjAxMzY3NjcxNF5BMl5BanBnXkFtZTcwNTI5OTM0Mw@@._V1_SX300.jpg,2010,1279218600,16 Jul 2010,"$292,587,330",148 min,"A thief who steals corporate secrets through the use of dream-sharing technology is given the inverse task of planting an idea into the mind of a C.E.O., but his tragic past may doom the project and his team to disaster.",Inception,8.8,"2,592,712"
6,6,40218400,"['Drama', 'Thriller']",['English'],Fight Club,An insomniac office worker and a devil-may-care soapmaker form an underground fight club that evolves into something far more dangerous.,80.0,https://m.media-amazon.com/images/M/MV5BOTgyOGQ1NDItNGU3Ny00MjU3LTg2YWEtNmEyYjBiMjI1Y2M5XkEyXkFqcGc@._V1_SX300.jpg,1999,939925800,15 Oct 1999,"$37,030,102",139 min,An insomniac office worker and a devil-may-care soap maker form an underground fight club that evolves into much more.,Fight Club,8.8,"2,371,394"
7,7,40218400,"['Drama', 'Romance']",['English'],Forrest Gump,The story of a slow-witted man who witnesses and unwittingly influences several historical events in the 20th century United States.,76.0,https://m.media-amazon.com/images/M/MV5BNWIwODRlZTUtY2U3ZS00Yzg1LWJhNzYtMmZiYmEyNmU1NjMzXkEyXkFqcGdeQXVyMTQxNzMzNDI@._V1_SX300.jpg,1994,773433000,06 Jul 1994,"$330,455,270",142 min,"The history of the United States from the 1950s to the '70s unfolds from the perspective of an Alabama man with an IQ of 75, who yearns to be reunited with his childhood sweetheart.",Forrest Gump,8.8,"2,291,939"
8,8,40218400,"['Action', 'Sci-Fi']",['English'],The Matrix,A computer hacker learns the shocking truth about reality and his role in the war against its controllers.,83.0,https://m.media-amazon.com/images/M/MV5BNzQzOTk3OTAtNDQ0Zi00ZTVkLWI0MTEtMDllZjNkYzNjNTc4L2ltYWdlXkEyXkFqcGdeQXVyNjU0OTQ0OTY@._V1_SX300.jpg,1999,922818600,31 Mar 1999,"$172,076,928",136 min,"When a beautiful stranger leads computer hacker Neo to a forbidding underworld, he discovers the shocking truth--the life he knows is the elaborate deception of an evil cyber-intelligence.",The Matrix,8.7,"2,087,394"
9,9,40218400,"['Action', 'Adventure', 'Fantasy']",['English'],Star Wars: Episode IV - A New Hope,"Luke Skywalker joins forces with a Jedi Knight, a cocky pilot, and two droids to save the galaxy from the Empire's battle station.",93.0,https://m.media-amazon.com/images/M/MV5BOTA5NjhiOTAtZWM0ZC00MWNhLThiMzEtZDFkOTk2OTU1ZDJkXkEyXkFqcGdeQXVyMTA4NDI1NTQx._V1_SX300.jpg,1977,233346600,25 May 1977,"$460,998,507",121 min,"Luke Skywalker joins forces with a Jedi Knight, a cocky pilot, a Wookiee and two droids to save the galaxy from the Empire's world-destroying battle station, while also attempting to rescue Princess Leia from the mysterious Darth ...",Star Wars: Episode IV - A New Hope,8.6,"1,469,927"
10,10,40218400,"['Action', 'Adventure', 'Fantasy']","['English', 'Sindarin']",The Lord of the Rings: The Fellowship of the Ring,A meek Hobbit and eight companions set out on a journey to destroy the One Ring and save Middle-earth.,92.0,https://m.media-amazon.com/images/M/MV5BN2EyZjM3NzUtNWUzMi00MTgxLWI0NTctMzY4M2VlOTdjZWRiXkEyXkFqcGdeQXVyNDUzOTQ5MjY@._V1_SX300.jpg,2001,1008700200,19 Dec 2001,"$319,372,078",178 min,A meek Hobbit from the Shire and eight companions set out on a journey to destroy the powerful One Ring and save Middle-earth from the Dark Lord Sauron.,The Lord of the Rings: The Fellowship of the Ring,8.9,"2,035,018"
11,11,40218400,"['Crime', 'Drama', 'Thriller']","['English', 'Latin']",The Silence of the Lambs,A young FBI cadet must confide in an incarcerated and manipulative killer to catch another serial killer who skins his victims.,95.0,https://m.media-amazon.com/images/M/MV5BNjNhZTk0ZmEtNjJhMi00YzFlLWE1MmEtYzM1M2ZmMGMwMTU4XkEyXkFqcGdeQXVyNjU0OTQ0OTY@._V1_SX300.jpg,1991,666469800,14 Feb 1991,"$130,742,922",118 min,"A young F.B.I. cadet must receive the help of an incarcerated and manipulative cannibal killer to help catch another serial killer, a madman who skins his victims.",The Silence of the Lambs,8.6,"1,576,126"
12,12,40218400,"['Drama', 'War']","['English', 'French', 'German', 'Czech']",Saving Private Ryan,"After the Normandy invasion, a group of U.S. soldiers goes behind enemy lines to retrieve a paratrooper whose brothers have been killed in action.",94.0,https://m.media-amazon.com/images/M/MV5BZjhkMDM4MWItZTVjOC00ZDRhLThmYTAtM2I5NzBmNmNlMzI1XkEyXkFqcGdeQXVyNDYyMDk5MTU@._V1_SX300.jpg,1998,901218600,24 Jul 1998,"$217,049,603",169 min,"Following the Normandy Landings, a group of U.S. soldiers go behind enemy lines to retrieve a paratrooper whose brothers have been killed in action.",Saving Private Ryan,8.6,"1,516,880"
13,13,40218400,"['Adventure', 'Sci-Fi', 'Thriller']","['English', 'Spanish']",Jurassic Park,"During a preview tour, a theme park's genetically engineered dinosaurs run amok and endanger the lives of the park's visitors.",92.0,https://m.media-amazon.com/images/M/MV5BMjM2MDgxMDg0Nl5BMl5BanBnXkFtZTgwNTM2OTM5NDE@._V1_SX300.jpg,1993,739737000,11 Jun 1993,"$407,185,075",127 min,"An industrialist invites some experts to visit his theme park of cloned dinosaurs. After a power failure, the creatures run loose, putting everyone's lives, including his grandchildren's, in danger.",Jurassic Park,8.2,"1,085,603"
14,14,40218400,"['Animation', 'Adventure', 'Drama']","['English', 'Swahili', 'Xhosa', 'Zulu']",The Lion King,"Lion prince Simba flees his kingdom after the murder of his father, only to learn the true meaning of responsibility and bravery.",92.0,https://m.media-amazon.com/images/M/MV5BYTYxNGMyZTYtMjE3MS00MzNjLWFjNmYtMDk3N2FmM2JiM2M1XkEyXkFqcGdeQXVyNjY5NDU4NzI@._V1_SX300.jpg,1994,772396200,24 Jun 1994,"$424,979,720",88 min,"Lion prince Simba and his father are targeted by his bitter uncle, who wants to ascend the throne himself.",The Lion King,8.5,"1,158,848"
15,15,40218400,"['Action', 'Adventure', 'Drama']",['English'],Gladiator,A former Roman General seeks vengeance against the corrupt emperor who murdered his family and sent him into slavery.,80.0,https://m.media-amazon.com/images/M/MV5BMDliMmNhNDEtODUyOS00MjNlLTgxODEtN2U3NzIxMGVkZTA1L2ltYWdlXkEyXkFqcGdeQXVyNjU0OTQ0OTY@._V1_SX300.jpg,2000,957465000,05 May 2000,"$187,705,427",155 min,A former Roman General sets out to exact vengeance against the corrupt emperor who murdered his family and sent him into slavery.,Gladiator,8.5,"1,657,460"
16,16,40218400,"['Action', 'Adventure', 'Sci-Fi']","['English', 'Russian']",The Avengers,Earth's mightiest heroes must come together to stop a mischievous demigod from enslaving humanity.,91.0,https://m.media-amazon.com/images/M/MV5BNDYxNjQyMjAtNTdiOS00NGYwLWFmNTAtNThmYjU5ZGI2YTI1XkEyXkFqcGdeQXVyMTMxODk2OTU@._V1_SX300.jpg,2012,1336069800,04 May 2012,"$623,357,910",143 min,Earth's mightiest heroes must come together and learn to fight as a team if they are going to stop the mischievous Loki and his alien army from enslaving humanity.,The Avengers,8.0,"1,477,607"
17,17,40218400,"['Action', 'Sci-Fi', 'Thriller']","['English', 'Spanish']",The Terminator,A cyborg assassin is sent from the future to kill a young woman whose child will one day lead humanity's war against the machines.,100.0,https://m.media-amazon.com/images/M/MV5BYTViNzMxZjEtZGEwNy00MDNiLWIzNGQtZDY2MjQ1OWViZjFmXkEyXkFqcGdeQXVyNzkwMjQ5NzM@._V1_SX300.jpg,1984,467577000,26 Oct 1984,"$38,371,200",107 min,"The Terminator, a cyborg assassin from the future, attempts to find and kill Sarah Connor, a waitress who is destined to give birth to a man who will save humankind from extinction.",The Terminator,8.1,"939,368"
18,18,40218400,"['Biography', 'Drama', 'History']","['English', 'French', 'Latin', 'Gaelic', 'Italian']",Braveheart,Scottish warrior William Wallace leads his countrymen in a rebellion to free his homeland from the tyranny of King Edward I of England.,76.0,https://m.media-amazon.com/images/M/MV5BMzkzMmU0YTYtOWM3My00YzBmLWI0YzctOGYyNTkwMWE5MTJkXkEyXkFqcGdeQXVyNzkwMjQ5NzM@._V1_SX300.jpg,1995,801253800,24 May 1995,"$75,609,945",178 min,Scottish warrior William Wallace leads his countrymen in a rebellion to free his homeland from the tyranny of King Edward I of England.,Braveheart,8.3,"1,101,346"
19,19,40218400,"['Drama', 'Romance']","['English', 'Swedish', 'Italian', 'French']",Titanic,A young couple from different social classes falls in love aboard the ill-fated R.M.S. Titanic.,88.0,https://m.media-amazon.com/images/M/MV5BMDdmZGU3NDQtY2E5My00ZTliLWIzOTUtMTY4ZGI1YjdiNjk3XkEyXkFqcGdeQXVyNTA4NzY1MzY@._V1_SX300.jpg,1997,882469800,19 Dec 1997,"$674,292,608",194 min,"A seventeen-year-old aristocrat falls in love with a kind but poor artist aboard the luxurious, ill-fated R.M.S. Titanic.",Titanic,7.9,"1,303,897"
20,20,40218400,"['Adventure', 'Drama', 'Sci-Fi']",['English'],Interstellar,A group of astronauts travels through a wormhole in search of a new habitable planet.,73.0,https://m.media-amazon.com/images/M/MV5BZjdkOTU3MDktN2IxOS00OGEyLWFmMjktY2FiMmZkNWIyODZiXkEyXkFqcGdeQXVyMTMxODk2OTU@._V1_SX300.jpg,2014,1415298600,07 Nov 2014,"$188,020,017",169 min,"When Earth becomes uninhabitable in the future, a farmer and ex-NASA pilot, Joseph Cooper, is tasked to pilot a spacecraft, along with a team of researchers, to find a new planet for humans.",Interstellar,8.7,"2,153,343"
21,21,40218400,"['Drama', 'Mystery', 'Thriller']",['English'],The Prestige,"Two stage magicians engage in a rivalry to create the ultimate stage illusion, with dangerous consequences.",77.0,https://m.media-amazon.com/images/M/MV5BMTM3MzQ5MjQ5OF5BMl5BanBnXkFtZTcwMTQ3NzMzMw@@._V1_SX300.jpg,2006,1161282600,20 Oct 2006,"$53,089,891",130 min,"After a tragic accident, two stage magicians in 1890s London engage in a battle to create the ultimate illusion while sacrificing everything they have to outwit each other.",The Prestige,8.5,"1,463,459"
22,22,40218400,"['Action', 'Adventure', 'Sci-Fi']","['English', 'Russian']",Mad Max: Fury Road,"In a post-apocalyptic wasteland, a woman rebels against a tyrant and his army in a high-octane road chase.",97.0,https://m.media-amazon.com/images/M/MV5BN2EwM2I5OWMtMGQyMi00Zjg1LWJkNTctZTdjYTA4OGUwZjMyXkEyXkFqcGdeQXVyMTMxODk2OTU@._V1_SX300.jpg,2015,1431628200,15 May 2015,"$154,280,290",120 min,"In a post-apocalyptic wasteland, a woman rebels against a tyrannical ruler in search for her homeland with the aid of a group of female prisoners, a psychotic worshipper and a drifter named Max.",Mad Max: Fury Road,8.1,"1,125,620"
23,23,40218400,"['Drama', 'Western']","['English', 'German', 'French', 'Italian']",Django Unchained,"With the help of a German bounty hunter, a freed slave sets out to rescue his wife from a brutal Mississippi plantation owner.",87.0,https://m.media-amazon.com/images/M/MV5BMjIyNTQ5NjQ1OV5BMl5BanBnXkFtZTcwODg1MDU4OA@@._V1_SX300.jpg,2012,1356373800,25 Dec 2012,"$162,805,434",165 min,"With the help of a German bounty-hunter, a freed slave sets out to rescue his wife from a brutal plantation owner in Mississippi.",Django Unchained,8.5,"1,726,877"
24,24,40218400,"['Biography', 'Comedy', 'Crime']","['English', 'French']",The Wolf of Wall Street,"The story of Jordan Belfort, from his rise to a wealthy stockbroker to his fall involving crime, corruption, and the federal government.",80.0,https://m.media-amazon.com/images/M/MV5BMjIxMjgxNTk0MF5BMl5BanBnXkFtZTgwNjIyOTg2MDE@._V1_SX300.jpg,2013,1387909800,25 Dec 2013,"$116,900,694",180 min,"Based on the true story of Jordan Belfort, from his rise to a wealthy stock-broker living the high life to his fall involving crime, corruption and the federal government.",The Wolf of Wall Street,8.2,"1,611,496"
25,25,40218400,"['Adventure', 'Drama', 'War']","['English', 'German', 'French', 'Italian']",Inglourious Basterds,"In Nazi-occupied France during World War II, a group of Jewish-American soldiers plan to assassinate Nazi leaders.",89.0,https://m.media-amazon.com/images/M/MV5BOTJiNDEzOWYtMTVjOC00ZjlmLWE0NGMtZmE1OWVmZDQ2OWJhXkEyXkFqcGdeQXVyNTIzOTk5ODM@._V1_SX300.jpg,2009,1250793000,21 Aug 2009,"$120,540,719",153 min,"In Nazi-occupied France during World War II, a plan to assassinate Nazi leaders by a group of Jewish U.S. soldiers coincides with a theatre owner's vengeful plans for the same.",Inglourious Basterds,8.4,"1,615,135"
26,26,40218400,"['Drama', 'Music']",['English'],Whiplash,A promising young drummer enrolls at a music conservatory where he is pushed to the limit by an instructor who will stop at nothing to realize a student's potential.,94.0,https://m.media-amazon.com/images/M/MV5BOTA5NDZlZGUtMjAxOS00YTRkLTkwYmMtYWQ0NWEwZDZiNjEzXkEyXkFqcGdeQXVyMTMxODk2OTU@._V1_SX300.jpg,2014,1726770600,20 Sep 2024,"$13,092,000",106 min,A promising young drummer enrolls at a cut-throat music conservatory where his dreams of greatness are mentored by an instructor who will stop at nothing to realize a student's potential.,Whiplash,8.5,"1,011,242"
27,27,40218400,"['Biography', 'Drama']","['English', 'French']",The Social Network,"The story of the founders of the social-networking website, Facebook.",96.0,https://m.media-amazon.com/images/M/MV5BOGUyZDUxZjEtMmIzMC00MzlmLTg4MGItZWJmMzBhZjE0Mjc1XkEyXkFqcGdeQXVyMTMxODk2OTU@._V1_SX300.jpg,2010,1285871400,01 Oct 2010,"$96,962,694",120 min,"As Harvard student Mark Zuckerberg creates the social networking site that would become known as Facebook, he is sued by the twins who claimed he stole their idea and by the co-founder who was later squeezed out of the business.",The Social Network,7.8,"768,232"
28,28,40218400,"['Comedy', 'Drama', 'Thriller']","['Korean', 'English']",Parasite,Greed and class discrimination threaten the newly formed symbiotic relationship between the wealthy Park family and the destitute Kim clan.,99.0,https://m.media-amazon.com/images/M/MV5BYWZjMjk3ZTItODQ2ZC00NTY5LWE0ZDYtZTI3MjcwN2Q5NTVkXkEyXkFqcGdeQXVyODk4OTc3MTY@._V1_SX300.jpg,2019,1573151400,08 Nov 2019,"$53,369,749",132 min,Greed and class discrimination threaten the newly formed symbiotic relationship between the wealthy Park family and the destitute Kim clan.,Parasite,8.5,"991,452"
29,29,40218400,"['Biography', 'Drama', 'History']",['English'],12 Years a Slave,"In the pre-Civil War United States, Solomon Northup, a free black man from upstate New York, is abducted and sold into slavery.",95.0,https://m.media-amazon.com/images/M/MV5BMjExMTEzODkyN15BMl5BanBnXkFtZTcwNTU4NTc4OQ@@._V1_SX300.jpg,2013,1383849000,08 Nov 2013,"$56,671,993",134 min,"In the antebellum United States, Solomon Northup, a free black man from upstate New York, is abducted and sold into slavery.",12 Years a Slave,8.1,"747,876"
30,30,40218400,"['Action', 'Adventure', 'Drama']","['English', 'Pawnee', 'French']",The Revenant,A frontiersman on a fur trading expedition in the 1820s fights for survival after being mauled by a bear and left for dead by members of his own hunting team.,78.0,https://m.media-amazon.com/images/M/MV5BYTgwNmQzZDctMjNmOS00OTExLTkwM2UtNzJmOTJhODFjOTdlXkEyXkFqcGc@._V1_SX300.jpg,2015,1452191400,08 Jan 2016,"$183,637,894",156 min,A frontiersman on a fur trading expedition in the 1820s fights for survival after being mauled by a bear and left for dead by members of his own hunting team.,The Revenant,8.0,"887,596"
31,31,40218400,"['Drama', 'Mystery', 'Thriller']",['English'],Gone Girl,"With his wife's disappearance having become the focus of an intense media circus, a man sees the spotlight turned on him when it's suspected that he may not be innocent.",88.0,https://m.media-amazon.com/images/M/MV5BMTk0MDQ3MzAzOV5BMl5BanBnXkFtZTgwNzU1NzE3MjE@._V1_SX300.jpg,2014,1412274600,03 Oct 2014,"$167,767,189",149 min,"With his wife's disappearance having become the focus of an intense media circus, a man sees the spotlight turned on him when it's suspected that he may not be innocent.",Gone Girl,8.1,"1,083,433"
32,32,40218400,"['Drama', 'Romance', 'Sci-Fi']",['English'],Her,"In a near future, a lonely writer develops an unlikely relationship with an operating system designed to meet his every need.",95.0,https://m.media-amazon.com/images/M/MV5BMjA1Nzk0OTM2OF5BMl5BanBnXkFtZTgwNjU2NjEwMDE@._V1_SX300.jpg,2013,1389292200,10 Jan 2014,"$25,568,251",126 min,"In the near future, a lonely writer develops an unlikely relationship with an operating system designed to meet his every need.",Her,8.0,"680,232"
33,33,40218400,"['Comedy', 'Drama', 'Music']","['English', 'Cantonese']",La La Land,"While navigating their careers in Los Angeles, a pianist and an actress fall in love while attempting to reconcile their aspirations for the future.",91.0,https://m.media-amazon.com/images/M/MV5BMzUzNDM2NzM2MV5BMl5BanBnXkFtZTgwNTM3NTg4OTE@._V1_SX300.jpg,2016,1482604200,25 Dec 2016,"$151,101,803",128 min,"While navigating their careers in Los Angeles, a pianist and an actress fall in love while attempting to reconcile their aspirations for the future.",La La Land,8.0,"690,294"
34,34,40218400,"['Adventure', 'Comedy', 'Crime']","['English', 'French', 'German']",The Grand Budapest Hotel,"A writer encounters the owner of an aging high-class hotel, who tells him of his early years serving as a lobby boy in the hotel's glorious years under an exceptional concierge.",92.0,https://m.media-amazon.com/images/M/MV5BMzM5NjUxOTEyMl5BMl5BanBnXkFtZTgwNjEyMDM0MDE@._V1_SX300.jpg,2014,1395945000,28 Mar 2014,"$59,301,324",99 min,"A writer encounters the owner of an aging high-class hotel, who tells him of his early years serving as a lobby boy in the hotel's glorious years under an exceptional concierge.",The Grand Budapest Hotel,8.1,"900,571"
35,35,40218400,"['Drama', 'Sci-Fi', 'Thriller']","['English', 'Greenlandic']",Gravity,Two astronauts work together to survive after an accident leaves them stranded in space.,96.0,https://m.media-amazon.com/images/M/MV5BNjE5MzYwMzYxMF5BMl5BanBnXkFtZTcwOTk4MTk0OQ@@._V1_SX300.jpg,2013,1380825000,04 Oct 2013,"$274,092,705",91 min,"Dr Ryan Stone, an engineer on her first time on a space mission, and Matt Kowalski, an astronaut on his final expedition, have to survive in space after they are hit by debris while spacewalking.",Gravity,7.7,"868,911"
36,36,40218400,"['Action', 'Drama', 'Sci-Fi']","['English', 'Finnish', 'Japanese', 'Hungarian', 'Russian', 'Somali', 'Spanish']",Blade Runner 2049,"Young blade runner K's discovery of a long-buried secret leads him to track down former blade runner Rick Deckard, who's been missing for thirty years.",88.0,https://m.media-amazon.com/images/M/MV5BNzA1Njg4NzYxOV5BMl5BanBnXkFtZTgwODk5NjU3MzI@._V1_SX300.jpg,2017,1507228200,06 Oct 2017,"$92,071,675",164 min,"Young Blade Runner K's discovery of a long-buried secret leads him to track down former Blade Runner Rick Deckard, who's been missing for thirty years.",Blade Runner 2049,8.0,"682,886"
37,37,40218400,"['Mystery', 'Thriller']","['English', 'German']",Shutter Island,"In 1954, a U.S. Marshal investigates the disappearance of a murderer who escaped from a hospital for the criminally insane.",69.0,https://m.media-amazon.com/images/M/MV5BYzhiNDkyNzktNTZmYS00ZTBkLTk2MDAtM2U0YjU1MzgxZjgzXkEyXkFqcGdeQXVyMTMxODk2OTU@._V1_SX300.jpg,2010,1266517800,19 Feb 2010,"$128,012,934",138 min,"Teddy Daniels and Chuck Aule, two US marshals, are sent to an asylum on a remote island in order to investigate the disappearance of a patient, where Teddy uncovers a shocking truth about the place.",Shutter Island,8.2,"1,483,864"
38,38,40218400,"['Drama', 'Mystery', 'Sci-Fi']","['English', 'Mandarin', 'Russian']",Arrival,A linguist works with the military to communicate with alien lifeforms after twelve mysterious spacecraft appear around the world.,94.0,https://m.media-amazon.com/images/M/MV5BMTExMzU0ODcxNDheQTJeQWpwZ15BbWU4MDE1OTI4MzAy._V1_SX300.jpg,2016,1478802600,11 Nov 2016,"$100,546,139",116 min,"Linguist Louise Banks leads a team of investigators when gigantic spaceships touch down around the world. As nations teeter on the verge of global war, Banks and her crew must find a way to communicate with the extraterrestrial vi...",Arrival,7.9,"787,598"
39,39,40218400,"['Horror', 'Mystery', 'Thriller']","['English', 'Swahili']",Get Out,"A young African-American visits his white girlfriend's parents for the weekend, where his simmering uneasiness about their reception of him eventually reaches a boiling point.",98.0,https://m.media-amazon.com/images/M/MV5BMjUxMDQwNjcyNl5BMl5BanBnXkFtZTgwNzcwMzc0MTI@._V1_SX300.jpg,2017,1487874600,24 Feb 2017,"$176,196,665",104 min,"A young African-American visits his white girlfriend's parents for the weekend, where his simmering uneasiness about their reception of him eventually reaches a boiling point.",Get Out,7.8,"723,596"
40,40,40218400,"['Drama', 'Horror', 'Sci-Fi']","['American Sign ', 'English']",A Quiet Place,"In a post-apocalyptic world, a family is forced to live in silence while hiding from monsters with ultra-sensitive hearing.",96.0,https://m.media-amazon.com/images/M/MV5BMjI0MDMzNTQ0M15BMl5BanBnXkFtZTgwMTM5NzM3NDM@._V1_SX300.jpg,2018,1522953000,06 Apr 2018,"$188,024,361",90 min,A family struggles for survival in a world invaded by alien creatures with ultra-sensitive hearing.,A Quiet Place,7.5,"605,696"
41,41,40218400,"['Crime', 'Drama', 'Mystery']","['English', 'Spanish', 'French', 'Persian']",The Hateful Eight,"In the dead of a Wyoming winter, bounty hunters seek shelter in a cabin, but the situation soon becomes hostile.",75.0,https://m.media-amazon.com/images/M/MV5BMjA1MTc1NTg5NV5BMl5BanBnXkFtZTgwOTM2MDEzNzE@._V1_SX300.jpg,2015,1451413800,30 Dec 2015,"$54,117,416",168 min,"In the dead of a Wyoming winter, a bounty hunter and his prisoner find shelter in a cabin currently inhabited by a collection of nefarious characters.",The Hateful Eight,7.8,"670,317"
42,42,40218400,['Drama'],['English'],Moonlight,"A young African-American man grapples with his identity and sexuality while experiencing the everyday struggles of childhood, adolescence, and burgeoning adulthood.",98.0,https://m.media-amazon.com/images/M/MV5BNzQxNTIyODAxMV5BMl5BanBnXkFtZTgwNzQyMDA3OTE@._V1_SX300.jpg,2016,1479407400,18 Nov 2016,"$27,854,932",111 min,"A young African-American man grapples with his identity and sexuality while experiencing the everyday struggles of childhood, adolescence, and burgeoning adulthood.",Moonlight,7.4,"335,150"
43,43,40218400,"['Drama', 'Fantasy', 'Romance']","['English', 'American Sign ', 'Russian', 'French']",The Shape of Water,"At a top-secret research facility, a lonely janitor forms a unique relationship with an amphibious creature that is being held in captivity.",92.0,https://m.media-amazon.com/images/M/MV5BNGNiNWQ5M2MtNGI0OC00MDA2LWI5NzEtMmZiYjVjMDEyOWYzXkEyXkFqcGdeQXVyMjM4NTM5NDY@._V1_SX300.jpg,2017,1513881000,22 Dec 2017,"$63,859,435",123 min,"At a top secret research facility in the 1960s, a lonely janitor forms a unique relationship with an amphibious creature that is being held in captivity.",The Shape of Water,7.3,"451,457"
44,44,40218400,"['Comedy', 'Drama']",['English'],Birdman,"A washed-up superhero actor attempts to revive his fading career by writing, directing, and starring in a Broadway production.",0.0,https://m.media-amazon.com/images/M/MV5BZTk3NjA1M2EtYTQ2Ny00ZTlmLThjMTQtYzhiY2I1ODM0MzdlXkEyXkFqcGdeQXVyNjExODE1MDc@._V1_SX300.jpg,2014,-73027800,09 Sep 1967,$ 0,30 min,A winged superhero who gets his powers from the sun battles various evildoers with the help of his eagle sidekick Avenger.,Birdman,6.7,"1,118"
45,45,40218400,"['Action', 'Drama', 'Sci-Fi']","['English', 'Spanish']",Logan,"In a dystopian future, Logan and an ailing Professor X defend a young mutant pursued by dark forces.",93.0,https://m.media-amazon.com/images/M/MV5BM2JjODdkMGMtNmY2YS00OGM2LThiY2YtZGYyNzE4Nzc2ODA0XkEyXkFqcGc@._V1_SX300.jpg,2017,1488479400,03 Mar 2017,"$226,277,068",137 min,"In a future where mutants are nearly extinct, an elderly and weary Logan leads a quiet life. But when Laura, a mutant child pursued by scientists, comes to him for help, he must get her to safety.",Logan,8.1,"860,542"
46,46,40218400,"['Comedy', 'Drama']","['English', 'Spanish']",Lady Bird,"In 2002, an artistically inclined seventeen-year-old girl comes of age in Sacramento, California.",99.0,https://m.media-amazon.com/images/M/MV5BODhkZGE0NDQtZDc0Zi00YmQ4LWJiNmUtYTY1OGM1ODRmNGVkXkEyXkFqcGdeQXVyMTMxODk2OTU@._V1_SX300.jpg,2017,1512066600,01 Dec 2017,"$48,958,273",94 min,"A fiercely independent teenager tries to make her own way in the world while wanting to get out of her hometown of Sacramento, California and to get away from her complicated mother and recently-unemployed father.",Lady Bird,7.4,"337,412"
47,47,40218400,"['Comedy', 'Drama', 'War']","['English', 'German']",Jojo Rabbit,A young boy in Hitler's army finds out his mother is hiding a Jewish girl in their home.,80.0,https://m.media-amazon.com/images/M/MV5BZjU0Yzk2MzEtMjAzYy00MzY0LTg2YmItM2RkNzdkY2ZhN2JkXkEyXkFqcGdeQXVyNDg4NjY5OTQ@._V1_SX300.jpg,2019,1573151400,08 Nov 2019,"$33,370,906",108 min,"A young German boy in the Hitler Youth, whose hero and imaginary friend is the country's dictator, is shocked to discover that his mother is hiding a Jewish girl in their home.",Jojo Rabbit,7.9,"450,825"
48,48,40218400,"['Drama', 'War']","['English', 'French', 'German']",1917,Two young British soldiers during World War I are given an impossible mission: deliver a message deep in enemy territory.,88.0,https://m.media-amazon.com/images/M/MV5BYzkxZjg2NDQtMGVjMy00NWZkLTk0ZDEtZWE3NDYwYjAyMTg1XkEyXkFqcGc@._V1_SX300.jpg,2019,1578594600,10 Jan 2020,"$159,227,644",119 min,"April 6th, 1917. As an infantry battalion assembles to wage war deep in enemy territory, two soldiers are assigned to race against time and deliver a message that will stop 1,600 men from walking straight into a deadly trap.",1917,8.2,"694,603"
49,49,40218400,"['Crime', 'Drama', 'Thriller']","['English', 'German']",Joker,"In Gotham City's fractured society, mentally troubled comedian Arthur Fleck embarks on a downward spiral, transforming into the infamous criminal known as the Joker.",69.0,https://m.media-amazon.com/images/M/MV5BNGVjNWI4ZGUtNzE0MS00YTJmLWE0ZDctN2ZiYTk2YmI3NTYyXkEyXkFqcGdeQXVyMTkxNjUyNQ@@._V1_SX300.jpg,2019,1570127400,04 Oct 2019,"$335,477,657",122 min,"Arthur Fleck, a party clown and a failed stand-up comedian, leads an impoverished life with his ailing mother. However, when society shuns him and brands him as a freak, he decides to embrace the life of crime and chaos in Gotham ...",Joker,8.4,"1,524,954"
50,51,40218400,"['Action', 'Adventure', 'Sci-Fi']","['English', 'Swahili', 'Nama', 'Xhosa', 'Korean']",Black Panther,"T'Challa, heir to the hidden but advanced kingdom of Wakanda, must step forward to lead his people and face a powerful enemy.",96.0,https://m.media-amazon.com/images/M/MV5BMTg1MTY2MjYzNV5BMl5BanBnXkFtZTgwMTc4NTMwNDI@._V1_SX300.jpg,2018,1518719400,16 Feb 2018,"$700,426,566",134 min,"T'Challa, heir to the hidden but advanced kingdom of Wakanda, must step forward to lead his people into a new future and must confront a challenger from his country's past.",Black Panther,7.3,"850,236"
51,52,40218400,"['Animation', 'Action', 'Adventure']","['English', 'Spanish']",Spider-Man: Into the Spider-Verse,Teen Miles Morales becomes the Spider-Man of his reality and crosses paths with five counterparts from other dimensions.,97.0,https://m.media-amazon.com/images/M/MV5BMjMwNDkxMTgzOF5BMl5BanBnXkFtZTgwNTkwNTQ3NjM@._V1_SX300.jpg,2018,1544725800,14 Dec 2018,"$190,241,310",117 min,Teen Miles Morales becomes the Spider-Man of his universe and must join with five spider-powered individuals from other dimensions to stop a threat for all realities.,Spider-Man: Into the Spider-Verse,8.4,"691,317"
52,53,40218400,"['Biography', 'Crime', 'Drama']","['English', 'Italian', 'Latin', 'Spanish', 'German']",The Irishman,A mob hitman recalls his involvement with the rise of the American mafia and the disappearance of Jimmy Hoffa.,95.0,https://m.media-amazon.com/images/M/MV5BMGUyM2ZiZmUtMWY0OC00NTQ4LThkOGUtNjY2NjkzMDJiMWMwXkEyXkFqcGdeQXVyMzY0MTE3NzU@._V1_SX300.jpg,2019,1574793000,27 Nov 2019,$ 0,209 min,"An illustration of Frank Sheeran's life, from W.W.II veteran to hit-man for the Bufalino crime family and his alleged assassination of his close friend Jimmy Hoffa.",The Irishman,7.8,"437,389"
53,54,40218400,"['Drama', 'Music', 'Romance']","['English', 'French']",A Star Is Born,A musician helps a young singer find fame as age and alcoholism send his own career into a downward spiral.,90.0,https://m.media-amazon.com/images/M/MV5BNGUxZTc0NTAtNzQwMy00MmM2LTgzMGYtZWIyY2E1MGFjYmM5XkEyXkFqcGc@._V1_SX300.jpg,2018,1538677800,05 Oct 2018,"$215,333,122",136 min,A musician helps a young singer find fame as age and alcoholism send his own career into a downward spiral.,A Star Is Born,7.6,"425,955"
54,55,40218400,"['Comedy', 'Crime', 'Drama']","['English', 'Spanish', 'Hindi']",Knives Out,A detective investigates the death of a wealthy patriarch and unravels a web of secrets within the family.,97.0,https://m.media-amazon.com/images/M/MV5BMGUwZjliMTAtNzAxZi00MWNiLWE2NzgtZGUxMGQxZjhhNDRiXkEyXkFqcGdeQXVyNjU1NzU3MzE@._V1_SX300.jpg,2019,1574793000,27 Nov 2019,"$165,363,234",130 min,"A detective investigates the death of the patriarch of an eccentric, combative family.",Knives Out,7.9,"786,503"
55,56,40218400,"['Drama', 'Romance']","['English', 'Spanish']",Marriage Story,An incisive and compassionate look at a marriage breaking up and a family staying together.,95.0,https://m.media-amazon.com/images/M/MV5BZGVmY2RjNDgtMTc3Yy00YmY0LTgwODItYzBjNWJhNTRlYjdkXkEyXkFqcGdeQXVyMjM4NTM5NDY@._V1_SX300.jpg,2019,1575570600,06 Dec 2019,$ 0,137 min,A stage director and his actor wife struggle through a grueling divorce that pushes them to their personal and creative extremes. Noah Baumbach's incisive and compassionate look at a marriage breaking up and a family staying toget...,Marriage Story,7.9,"351,017"
56,57,40218400,"['Action', 'Biography', 'Drama']","['English', 'Italian', 'French', 'Japanese']",Ford v Ferrari,American car designer Carroll Shelby and driver Ken Miles battle corporate interference and the laws of physics to build a revolutionary race car for Ford.,92.0,https://m.media-amazon.com/images/M/MV5BYzcyZDNlNDktOWRhYy00ODQ5LTg1ODQtZmFmZTIyMjg2Yjk5XkEyXkFqcGdeQXVyMTkxNjUyNQ@@._V1_SX300.jpg,2019,1573756200,15 Nov 2019,"$117,624,357",152 min,American car designer Carroll Shelby and driver Ken Miles battle corporate interference and the laws of physics to build a revolutionary race car for Ford in order to defeat Ferrari at the 24 Hours of Le Mans in 1966.,Ford v Ferrari,8.1,"495,380"
57,58,40218400,"['Action', 'Adventure', 'Drama']",['English'],Dune,The son of a noble family is entrusted with the protection of the most valuable asset and the most vital element in the galaxy.,37.0,https://m.media-amazon.com/images/M/MV5BYTAzYzNlMDMtMGRjYS00M2UxLTk0MmEtYmE4YWZiYmEwOTIwL2ltYWdlL2ltYWdlXkEyXkFqcGdeQXVyNzc5MjA3OA@@._V1_SX300.jpg,2021,471810600,14 Dec 1984,"$30,925,690",137 min,A Duke's son leads desert warriors against the galactic emperor and his father's evil nemesis to free their desert world from the emperor's rule.,Dune,6.3,"182,774"
58,59,40218400,"['Action', 'Sci-Fi', 'Thriller']","['English', 'Russian', 'Ukrainian', 'Estonian', 'Norwegian', 'Hindi']",Tenet,"Armed with only one word, Tenet, a protagonist embarks on a time-bending mission to prevent the collapse of the world.",69.0,https://m.media-amazon.com/images/M/MV5BMzU3YWYwNTQtZTdiMC00NjY5LTlmMTMtZDFlYTEyODBjMTk5XkEyXkFqcGdeQXVyMTkxNjUyNQ@@._V1_SX300.jpg,2020,1599071400,03 Sep 2020,"$58,504,105",150 min,"Armed with only the word ""Tenet,"" and fighting for the survival of the entire world, CIA operative, The Protagonist, journeys through a twilight world of international espionage on a global mission that unfolds beyond real time.",Tenet,7.3,"606,101"
59,60,40218400,"['Animation', 'Adventure', 'Comedy']","['English', 'Korean', 'Inuktitut']",Soul,A jazz musician gets stuck in the afterlife and embarks on a journey to return to his body and fulfill his life goals.,95.0,https://m.media-amazon.com/images/M/MV5BZGE1MDg5M2MtNTkyZS00MTY5LTg1YzUtZTlhZmM1Y2EwNmFmXkEyXkFqcGdeQXVyNjA3OTI0MDc@._V1_SX300.jpg,2020,1606588200,29 Nov 2020,"$946,154",100 min,"Joe is a middle-school band teacher whose life hasn't quite gone the way he expected. His true passion is jazz. But when he travels to another realm to help someone find their passion, he soon discovers what it means to have soul.",Soul,8.0,"390,321"
60,61,40218400,['Drama'],['English'],Nomadland,"A woman in her sixties embarks on a journey through the American West, living as a van-dwelling modern-day nomad.",93.0,https://m.media-amazon.com/images/M/MV5BMDRiZWUxNmItNDU5Yy00ODNmLTk0M2ItZjQzZTA5OTJkZjkyXkEyXkFqcGdeQXVyMTkxNjUyNQ@@._V1_SX300.jpg,2020,1613673000,19 Feb 2021,"$3,700,000",107 min,"A woman in her sixties, after losing everything in the Great Recession, embarks on a journey through the American West, living as a van-dwelling modern-day nomad.",Nomadland,7.3,"186,989"
61,62,40218400,['Drama'],"['Korean', 'English']",Minari,"A Korean family starts a farm in 1980s Arkansas, where they experience challenges in pursuit of their own American dream.",98.0,https://m.media-amazon.com/images/M/MV5BNWEzOTNjNDgtZDhhYS00ODAxLWIzNGMtYjU3OGZhYmI3ZDU4XkEyXkFqcGdeQXVyMTAzNjk5MDI4._V1_SX300.jpg,2020,1613068200,12 Feb 2021,"$3,110,580",115 min,"A Korean American family moves to an Arkansas farm in search of its own American dream. Amidst the challenges of new life in the strange and rugged Ozarks, they discover the undeniable resilience of family and what really makes a ...",Minari,7.4,"99,238"
62,63,40218400,"['Crime', 'Drama', 'Thriller']",['English'],Promising Young Woman,"A young woman, traumatized by a tragic event in her past, seeks out vengeance against those who wronged her.",90.0,https://m.media-amazon.com/images/M/MV5BOTgzMzE4MGItZDgxYS00ZGEwLWE3YTctZWY3ZDAyMTk0ZGU4XkEyXkFqcGdeQXVyMTkxNjUyNQ@@._V1_SX300.jpg,2020,1608834600,25 Dec 2020,"$6,460,965",113 min,"Nothing in Cassie's life is what it appears to be - she's wickedly smart, tantalizingly cunning, and she's living a secret double life. Now, an unexpected encounter is about to give Cassie a chance to right the wrongs from the past.",Promising Young Woman,7.5,"215,866"
63,64,40218400,['Drama'],['English'],The Father,"A man refuses all assistance from his daughter as he ages, and begins to doubt his own perception of reality.",98.0,https://m.media-amazon.com/images/M/MV5BZGJhNWRiOWQtMjI4OS00ZjcxLTgwMTAtMzQ2ODkxY2JkOTVlXkEyXkFqcGdeQXVyMTkxNjUyNQ@@._V1_SX300.jpg,2020,1614277800,26 Feb 2021,"$2,122,771",97 min,"A man refuses all assistance from his daughter as he ages. As he tries to make sense of his changing circumstances, he begins to doubt his loved ones, his own mind and even the fabric of his reality.",The Father,8.2,"198,862"
64,65,40218400,"['Drama', 'History', 'Thriller']","['English', 'Latin', 'French']",The Trial of the Chicago 7,The story of seven individuals on trial stemming from various charges surrounding the uprising at the 1968 Democratic National Convention in Chicago.,89.0,https://m.media-amazon.com/images/M/MV5BYjYzOGE1MjUtODgyMy00ZDAxLTljYTgtNzk0Njg2YWQwMTZhXkEyXkFqcGdeQXVyMDM2NDM2MQ@@._V1_SX300.jpg,2020,1602786600,16 Oct 2020,$ 0,129 min,"The story of 7 people on trial stemming from various charges surrounding the uprising at the 1968 Democratic National Convention in Chicago, Illinois.",The Trial of the Chicago 7,7.7,"195,695"
65,66,40218400,"['Drama', 'Music']","['English', 'American Sign ', 'French', 'Persian']",Sound of Metal,A heavy-metal drummer's life is turned upside down when he begins to lose his hearing.,97.0,https://m.media-amazon.com/images/M/MV5BNjcyYjg0M2ItMzMyZS00NmM1LTlhZDMtN2MxN2RhNWY4YTkwXkEyXkFqcGdeQXVyNjY1MTg4Mzc@._V1_SX300.jpg,2019,1607020200,04 Dec 2020,$ 0,120 min,"During a series of adrenaline-fueled gigs, itinerant punk-metal drummer Ruben begins to experience hearing loss. When a specialist tells him his condition will rapidly worsen, he thinks his music career - and with it his life - is...",Sound of Metal,7.7,"153,332"
66,67,40218400,"['Adventure', 'Drama', 'Fantasy']","['English', 'Latin']",The Green Knight,"King Arthur's headstrong nephew embarks on a daring quest to confront the Green Knight, a mysterious giant.",89.0,https://m.media-amazon.com/images/M/MV5BMjMxNTdiNWMtOWY0My00MjM4LTkwNzMtOGI0YThhN2Q4M2I4XkEyXkFqcGdeQXVyMTkxNjUyNQ@@._V1_SX300.jpg,2021,1627583400,30 Jul 2021,"$17,173,321",130 min,A fantasy retelling of the medieval story of Sir Gawain and the Green Knight.,The Green Knight,6.6,"121,190"
67,68,40218400,"['Comedy', 'Drama', 'Sci-Fi']",['English'],Don't Look Up,Two low-level astronomers must go on a giant media tour to warn mankind of an approaching comet that will destroy Earth.,0.0,https://m.media-amazon.com/images/M/MV5BMjhhNWFjNzctYTJjOS00MDc0LThiNjItZmM0ZDVmMWViY2UzXkEyXkFqcGc@._V1_SX300.jpg,2021,1640284200,24 Dec 2021,$ 0,138 min,Two low-level astronomers must go on a giant media tour to warn humankind of an approaching comet that will destroy planet Earth.,Don't Look Up,7.2,"615,992"
68,69,40218400,"['Comedy', 'Drama', 'Romance']","['English', 'French']",The French Dispatch,A love letter to journalists set in an outpost of an American newspaper in a fictional 20th-century French city.,75.0,https://m.media-amazon.com/images/M/MV5BNmQxZTNiODYtNzBhYy00MzVlLWJlN2UtNTc4YWZjMDIwMmEzXkEyXkFqcGdeQXVyMTkxNjUyNQ@@._V1_SX300.jpg,2021,1634841000,22 Oct 2021,"$16,124,375",107 min,"A love letter to journalists set in an outpost of an American newspaper in a fictional twentieth century French city that brings to life a collection of stories published in ""The French Dispatch Magazine"".",The French Dispatch,7.1,"153,635"
69,70,40218400,"['Action', 'Adventure', 'Thriller']","['English', 'French', 'Italian', 'Russian', 'Spanish', 'Norwegian', 'German']",No Time to Die,James Bond has left active service. His peace is short-lived when an old friend from the CIA turns up asking for help.,83.0,https://m.media-amazon.com/images/M/MV5BYWQ2NzQ1NjktMzNkNS00MGY1LTgwMmMtYTllYTI5YzNmMmE0XkEyXkFqcGdeQXVyMjM4NTM5NDY@._V1_SX300.jpg,2021,1633631400,08 Oct 2021,"$160,891,007",163 min,"James Bond has left active service. His peace is short-lived when Felix Leiter, an old friend from the CIA, turns up asking for help, leading Bond onto the trail of a mysterious villain armed with dangerous new technology.",No Time to Die,7.3,"451,455"
70,71,40218400,"['Action', 'Adventure', 'Fantasy']","['English', 'American Sign ', 'Marathi', 'Assyrian Neo-Aramaic', 'Spanish', 'Sumerian', 'Latin', 'Sanskrit', 'Greek', 'Ancient (to 1453)', 'Arabic']",Eternals,"A group of ancient heroes must come together to protect humanity from their oldest enemy, the Deviants.",47.0,https://m.media-amazon.com/images/M/MV5BMTExZmVjY2ItYTAzYi00MDdlLWFlOWItNTJhMDRjMzQ5ZGY0XkEyXkFqcGdeQXVyODIyOTEyMzY@._V1_SX300.jpg,2021,1636050600,05 Nov 2021,"$164,870,234",156 min,"The saga of the Eternals, a race of immortal beings who lived on Earth and shaped its history and civilizations.",Eternals,6.3,"392,751"
71,72,40218400,"['Action', 'Adventure', 'Fantasy']","['English', 'Mandarin']",Shang-Chi and the Legend of the Ten Rings,"Shang-Chi, the master of unarmed weaponry-based Kung Fu, is forced to confront his past after being drawn into the Ten Rings organization.",91.0,https://m.media-amazon.com/images/M/MV5BNTliYjlkNDQtMjFlNS00NjgzLWFmMWEtYmM2Mzc2Zjg3ZjEyXkEyXkFqcGdeQXVyMTkxNjUyNQ@@._V1_SX300.jpg,2021,1630607400,03 Sep 2021,"$224,543,292",132 min,"Shang-Chi, the master of weaponry-based Kung Fu, is forced to confront his past after being drawn into the Ten Rings organization.",Shang-Chi and the Legend of the Ten Rings,7.4,"445,535"
72,73,40218400,"['Animation', 'Adventure', 'Comedy']","['English', 'Italian']",Luca,"On the Italian Riviera, an unlikely but strong friendship grows between a human and a sea monster disguised as a human.",91.0,https://m.media-amazon.com/images/M/MV5BZTQyNTU0MDktYTFkYi00ZjNhLWE2ODctMzBkM2U1ZTk3YTMzXkEyXkFqcGdeQXVyNTI4MzE4MDU@._V1_SX300.jpg,2021,1623954600,18 Jun 2021,"$1,324,302",95 min,"On the Italian Riviera, an unlikely but strong friendship grows between a human being and a sea monster disguised as a human.",Luca,7.4,"199,816"
73,74,40218400,"['Animation', 'Comedy', 'Drama']","['English', 'Spanish']",Encanto,A Colombian teenage girl has to face the frustration of being the only member of her family without magical powers.,0.0,https://m.media-amazon.com/images/M/MV5BNjE5NzA4ZDctOTJkZi00NzM0LTkwOTYtMDI4MmNkMzIxODhkXkEyXkFqcGdeQXVyNjY1MTg4Mzc@._V1_SX300.jpg,2021,1637692200,24 Nov 2021,"$96,093,622",102 min,A Colombian teenage girl has to face the frustration of being the only member of her family without magical powers.,Encanto,7.2,"268,559"
74,75,40218400,"['Action', 'Adventure', 'Comedy']","['English', 'Spanish', 'Japanese', 'Cantonese']",The Suicide Squad,"Supervillains Harley Quinn, Bloodsport, Peacemaker, and a collection of nutty cons at Belle Reve prison join the super-secret, super-shady Task Force X.",0.0,https://m.media-amazon.com/images/M/MV5BNzUzMjkxMzItMTc0MS00MjAxLWFiZGMtY2YwOGM2Yjk1ZjBmXkEyXkFqcGdeQXVyODIyOTEyMzY@._V1_SX300.jpg,2021,1628101800,05 Aug 2021,"$55,817,425",132 min,"Supervillains Harley Quinn, Bloodsport, Peacemaker, and a collection of nutty cons at Belle Reve prison join the super-secret, super-shady Task Force X as they are dropped off at the remote, enemy-infused island of Corto Maltese.",The Suicide Squad,7.2,"419,124"
75,76,40218400,"['Biography', 'Drama', 'Sport']","['English', 'Spanish']",King Richard,"A look at how tennis superstars Venus and Serena Williams became who they are after the coaching from their father, Richard Williams.",90.0,https://m.media-amazon.com/images/M/MV5BYTcyNmY4ZGEtYmE4Zi00ZDViLTlmYzMtMmQ4ZTM4OWNmZjQxXkEyXkFqcGdeQXVyMTkxNjUyNQ@@._V1_SX300.jpg,2021,1637260200,19 Nov 2021,"$15,129,285",144 min,A look at how tennis superstars Venus and Serena Williams became who they are after the coaching from their father Richard.,King Richard,7.5,"141,156"
76,77,40218400,"['Biography', 'Drama']",['English'],Spencer,"During her Christmas holidays with the royal family at the Sandringham estate in Norfolk, England, Princess Diana decides to leave her marriage to Prince Charles.",83.0,https://m.media-amazon.com/images/M/MV5BMTdkZDc4YmQtYzA3My00NzliLThjN2YtMDIwMDkxY2Y4ODdmXkEyXkFqcGdeQXVyMTA2MDU0NjM5._V1_SX300.jpg,2021,1636050600,05 Nov 2021,"$7,086,632",117 min,"Diana Spencer, struggling with mental-health problems during her Christmas holidays with the Royal Family at their Sandringham estate in Norfolk, England, decides to end her decade-long marriage to Prince Charles.",Spencer,6.6,"77,532"
77,78,40218400,"['Drama', 'Western']",['English'],The Power of the Dog,"Charismatic rancher Phil Burbank inspires fear and awe in those around him. When his brother brings home a new wife and her son, Phil torments them until he finds himself exposed to the possibility of love.",94.0,https://m.media-amazon.com/images/M/MV5BZGRhYjE2NWUtN2FkNy00NGI3LTkxYWMtMDk4Yjg5ZjI3MWI2XkEyXkFqcGdeQXVyMTEyMjM2NDc2._V1_SX300.jpg,2021,1638297000,01 Dec 2021,$ 0,126 min,"Charismatic rancher Phil Burbank inspires fear and awe in those around him. When his brother brings home a new wife and her son, Phil torments them until he finds himself exposed to the possibility of love.",The Power of the Dog,6.8,"195,930"
78,79,40218400,"['Crime', 'Drama', 'Musical']","['English', 'Spanish']",West Side Story,"An adaptation of the 1957 musical, West Side Story explores forbidden love and the rivalry between the Jets and the Sharks, two teenage street gangs of different ethnic backgrounds.",92.0,https://m.media-amazon.com/images/M/MV5BMTM0NDAxOTI5MF5BMl5BanBnXkFtZTcwNjI4Mjg3NA@@._V1_SX300.jpg,2021,-253258200,23 Dec 1961,"$44,055,492",153 min,"Two youngsters from rival New York City gangs fall in love, but tensions between their respective friends build toward tragedy.",West Side Story,7.6,"122,220"
79,80,40218400,"['Crime', 'Drama', 'Thriller']","['English', 'French']",Nightmare Alley,An ambitious carny with a talent for manipulating people meets a female psychiatrist who is even more dangerous than he is.,80.0,https://m.media-amazon.com/images/M/MV5BOTI4NDhhNGEtZjQxZC00ZTRmLThmZTctOGJmY2ZlOTc0ZGY0XkEyXkFqcGdeQXVyMTkxNjUyNQ@@._V1_SX300.jpg,2021,1639679400,17 Dec 2021,"$11,338,107",150 min,A grifter working his way up from low-ranking carnival worker to lauded psychic medium matches wits with a psychologist bent on exposing him.,Nightmare Alley,7.0,"168,164"
80,81,40218400,"['Drama', 'Music']","['American Sign ', 'English']",CODA,"As a CODA (Child of Deaf Adults) Ruby is the only hearing person in her deaf family. When the family's fishing business is threatened, Ruby must choose between pursuing her love of music and her obligations to her family.",94.0,https://m.media-amazon.com/images/M/MV5BYzkyNzNiMDItMGU1Yy00NmEyLWE4N2ItMjkzMDZmMmVhNDU4XkEyXkFqcGdeQXVyMTkxNjUyNQ@@._V1_SX300.jpg,2021,1628793000,13 Aug 2021,$ 0,111 min,"As a CODA (Child of Deaf Adults) Ruby is the only hearing person in her deaf family. When the family's fishing business is threatened, Ruby finds herself torn between pursuing her passion at Berklee College of Music and her fear o...",CODA,8.0,"168,787"
81,82,40218400,"['Biography', 'Drama']",['English'],Belfast,A young boy and his working-class Belfast family experience the tumultuous late 1960s.,86.0,https://m.media-amazon.com/images/M/MV5BOGU1MmMyNTMtMGE3Ni00N2E0LWFlYjEtMDIwNDk5NzUyODAzXkEyXkFqcGc@._V1_SX300.jpg,2021,1636655400,12 Nov 2021,"$9,250,870",98 min,A young boy and his working-class Belfast family experience the tumultuous late 1960s.,Belfast,7.2,"94,844"
82,83,40218400,['Drama'],"['English', 'Italian', 'Greek']",The Lost Daughter,A woman's quiet seaside vacation takes an unsettling turn when her fixation on a young mother staying at a nearby villa awakens memories from her past.,94.0,https://m.media-amazon.com/images/M/MV5BZGY5ZTg1YzUtNTUwMy00YTVjLTg5OTItMTc4MmNmYjkxOTE1XkEyXkFqcGdeQXVyODE5NzE3OTE@._V1_SX300.jpg,2021,1640889000,31 Dec 2021,$ 0,121 min,A woman's beach vacation takes a dark turn when she begins to confront the troubles of her past.,The Lost Daughter,6.7,"76,199"
83,84,40218400,"['Biography', 'Crime', 'Drama']","['English', 'Italian', 'Arabic', 'Spanish', 'Japanese', 'French']",House of Gucci,"When Patrizia Reggiani, an outsider from humble beginnings, marries into the Gucci family, her ambition begins to unravel the family's legacy and triggers a spiral of betrayal, decadence, and murder.",62.0,https://m.media-amazon.com/images/M/MV5BMmQ3OTRiYWItMGRiOC00ZTVmLWJjMjEtNjZhNDQ5NjIxODNjXkEyXkFqcGc@._V1_SX300.jpg,2021,1637692200,24 Nov 2021,"$53,809,574",158 min,"When Patrizia Reggiani, an outsider from humble beginnings, marries into the Gucci family, her unbridled ambition begins to unravel their legacy and triggers a reckless spiral of betrayal, decadence, revenge, and ultimately...murder.",House of Gucci,6.6,"162,632"
84,85,40218400,"['Biography', 'Drama', 'Musical']",['English'],"tick, tick... BOOM!","On the cusp of his 30th birthday, a promising young theater composer navigates love, friendship, and the pressure to create something great before time runs out.",87.0,https://m.media-amazon.com/images/M/MV5BZmMyMmE0M2UtN2E2MC00YzVmLTkwODgtOTVhYjVlOTBhY2RjXkEyXkFqcGdeQXVyODk4OTc3MTY@._V1_SX300.jpg,2021,1637260200,19 Nov 2021,$ 0,115 min,"On the brink of turning 30, a promising theater composer navigates love, friendship and the pressure to create something great before time runs out.","tick, tick... BOOM!",7.5,"121,434"
85,86,40218400,['Drama'],"['Japanese', 'English', 'Korean Sign ', 'German', 'Mandarin', 'Tagalog', 'Korean', 'Indonesian', 'Malay', 'Swiss German']",Drive My Car,"After his wife's unexpected death, a renowned stage actor and director grapples with loss and takes on a new play while slowly finding solace with his chauffeur.",97.0,https://m.media-amazon.com/images/M/MV5BY2NkNDdmZTUtYWQ2MC00MjUyLTk1MGMtNWZiZjI3ZWMzNDYwXkEyXkFqcGdeQXVyNTY4ODAxODI@._V1_SX300.jpg,2021,1629397800,20 Aug 2021,"$2,352,240",179 min,A renowned stage actor and director learns to cope with a big personal loss when he receives an offer to direct a production of Uncle Vanya in Hiroshima.,Drive My Car,7.5,"68,070"
86,87,40218400,"['Crime', 'Horror', 'Thriller']",['English'],Don't Breathe,"Hoping to walk away with a massive fortune, a trio of thieves break into the house of a blind man who isn't as helpless as he seems.",88.0,https://m.media-amazon.com/images/M/MV5BNjAxOTJkMmEtNjg4MC00ODk3LTkwYmUtNjM3YzE5YTk1YTFjXkEyXkFqcGc@._V1_SX300.jpg,2016,1472149800,26 Aug 2016,"$89,217,875",88 min,"Three delinquents break into the house of a war veteran who is blind to steal his money. However, they discover that the man is not as defenseless as he seems.",Don't Breathe,7.1,"306,410"
87,88,40218400,"['Biography', 'Drama']",['English'],A Beautiful Day in the Neighborhood,Based on the true story of a real-life friendship between Fred Rogers and journalist Tom Junod.,0.0,https://m.media-amazon.com/images/M/MV5BZWE3ZDYwNmItOWM5ZS00Y2Q4LTlhNmYtODlhY2QxYzA1MDlhXkEyXkFqcGdeQXVyNjA5MDIyMzU@._V1_SX300.jpg,2019,1574361000,22 Nov 2019,"$61,704,055",109 min,"Lloyd Vogel, a cynical journalist, gets acquainted with a kind-hearted television presenter, Fred Rogers, while writing an article on him. With time, the two strike an unlikely friendship.",A Beautiful Day in the Neighborhood,7.2,"89,804"
88,89,40218400,"['Drama', 'Romance']","['French', 'Italian']",Portrait of a Lady on Fire,"On an isolated island in Brittany at the end of the 18th century, a female painter is obliged to paint a wedding portrait of a young woman.",97.0,https://m.media-amazon.com/images/M/MV5BNjgwNjkwOWYtYmM3My00NzI1LTk5OGItYWY0OTMyZTY4OTg2XkEyXkFqcGdeQXVyODk4OTc3MTY@._V1_SX300.jpg,2019,1581618600,14 Feb 2020,"$3,759,854",122 min,"On an isolated island in Brittany at the end of the eighteenth century, a female painter is obliged to paint a wedding portrait of a young woman.",Portrait of a Lady on Fire,8.1,"112,961"
90,91,40218400,"['Drama', 'Horror', 'Mystery']","['English', 'Swedish']",Midsommar,"A couple travels to Sweden to visit a rural hometown's fabled mid-summer festival, only to find themselves in the clutches of a sinister cult.",83.0,https://m.media-amazon.com/images/M/MV5BMzQxNzQzOTQwM15BMl5BanBnXkFtZTgwMDQ2NTcwODM@._V1_SX300.jpg,2019,1562092200,03 Jul 2019,"$27,426,361",148 min,A couple travels to Northern Europe to visit a rural hometown's fabled Swedish mid-summer festival. What begins as an idyllic retreat quickly devolves into an increasingly violent and bizarre competition at the hands of a pagan cult.,Midsommar,7.1,"418,369"
91,92,40218400,"['Drama', 'Fantasy', 'Horror']",['English'],The Lighthouse,Two lighthouse keepers try to maintain their sanity while living on a remote and mysterious New England island in the 1890s.,90.0,https://m.media-amazon.com/images/M/MV5BMTI4MjFhMjAtNmQxYi00N2IxLWJjMGEtYWY1YmU3OTQ0Zjk3XkEyXkFqcGc@._V1_SX300.jpg,2019,1572546600,01 Nov 2019,"$10,867,104",109 min,Two lighthouse keepers try to maintain their sanity while living on a remote and mysterious New England island in the 1890s.,The Lighthouse,7.4,"263,319"
94,95,40218400,"['Crime', 'Drama', 'Thriller']","['English', 'Hebrew']",Uncut Gems,"With his debts mounting and angry collectors closing in, a fast-talking New York City jeweler risks everything in hopes of staying afloat and alive.",91.0,https://m.media-amazon.com/images/M/MV5BZDhkMjUyYjItYWVkYi00YTM5LWE4MGEtY2FlMjA3OThlYmZhXkEyXkFqcGdeQXVyODk4OTc3MTY@._V1_SX300.jpg,2019,1577212200,25 Dec 2019,"$50,023,780",135 min,"With his debts mounting and angry collectors closing in, a fast-talking New York City jeweler risks everything in hope of staying afloat and alive.",Uncut Gems,7.4,"323,083"
95,96,40218400,"['Comedy', 'Drama']","['Mandarin', 'English', 'Japanese', 'Italian']",The Farewell,"A Chinese family discovers their grandmother has only a short while left to live and decide to keep her in the dark, scheduling a wedding to gather before she dies.",97.0,https://m.media-amazon.com/images/M/MV5BMWE3MjViNWUtY2VjYS00ZDBjLTllMzYtN2FkY2QwYmRiMDhjXkEyXkFqcGdeQXVyODQzNTE3ODc@._V1_SX300.jpg,2019,1565289000,09 Aug 2019,"$17,695,781",100 min,"A Chinese family discovers their grandmother has only a short while left to live and decide to keep her in the dark, scheduling a wedding to gather before she dies.",The Farewell,7.5,"72,225"
96,98,40218400,"['Biography', 'Drama', 'History']","['English', 'French', 'Latin']",The King,"Hal, wayward prince and heir to the English throne, is crowned King Henry V after his tyrannical father dies.",71.0,https://m.media-amazon.com/images/M/MV5BMWZkNzNlMzMtMjM5ZS00MWYzLWFmMmUtMjE1ODM3NjBlODA5XkEyXkFqcGdeQXVyMTMxODk2OTU@._V1_SX300.jpg,2019,1572546600,01 Nov 2019,$ 0,140 min,"Young Henry V encounters deceit, war and treachery after becoming King of England in the 15th century, in the aftermath of his brother's death.",The King,7.3,"157,003"
98,100,40218400,"['Action', 'Drama', 'History']","['English', 'French', 'German']",Dunkirk,"Allied soldiers from Belgium, the British Empire, and France are surrounded by the German Army and evacuated during a fierce battle in World War II.",92.0,https://m.media-amazon.com/images/M/MV5BZWU5ZjJkNTQtMzQwOS00ZGE4LWJkMWUtMGQ5YjdiM2FhYmRhXkEyXkFqcGc@._V1_SX300.jpg,2017,1500575400,21 Jul 2017,"$189,740,665",106 min,"Allied soldiers from Belgium, the British Commonwealth and Empire, and France are surrounded by the German Army and evacuated during a fierce battle in World War II.",Dunkirk,7.8,"751,936"
99,101,40218400,"['Biography', 'Drama', 'History']",['English'],First Man,"A look at the life of the astronaut, Neil Armstrong, and the legendary space mission that led him to become the first man to walk on the Moon on July 20, 1969.",87.0,https://m.media-amazon.com/images/M/MV5BMDBhOTMxN2UtYjllYS00NWNiLWE1MzAtZjg3NmExODliMDQ0XkEyXkFqcGdeQXVyMjMxOTE0ODA@._V1_SX300.jpg,2018,1539282600,12 Oct 2018,"$44,936,545",141 min,"A look at the life of the astronaut, Neil Armstrong, and the legendary space mission that led him to become the first man to walk on the Moon on July 20, 1969.",First Man,7.3,"204,501"
101,103,40218400,"['Biography', 'Drama', 'Music']","['English', 'British Sign ']",Bohemian Rhapsody,"The story of the legendary rock band Queen and lead singer Freddie Mercury, leading up to their famous performance at Live Aid.",60.0,https://m.media-amazon.com/images/M/MV5BMTA2NDc3Njg5NDVeQTJeQWpwZ15BbWU4MDc1NDcxNTUz._V1_SX300.jpg,2018,1541097000,02 Nov 2018,"$216,668,042",134 min,"The story of the legendary British rock band Queen and lead singer Freddie Mercury, leading up to their famous performance at Live Aid (1985).",Bohemian Rhapsody,7.9,"602,452"
102,104,40218400,"['Biography', 'Comedy', 'Drama']","['English', 'Arabic']",Vice,"The story of Dick Cheney, an unassuming bureaucratic Washington insider, who quietly wielded immense power as Vice President to George W. Bush, reshaping the country and the globe in ways still felt today.",64.0,https://m.media-amazon.com/images/M/MV5BMTY1NjM0MzgxMV5BMl5BanBnXkFtZTgwNDc4NTY0NjM@._V1_SX300.jpg,2018,1545676200,25 Dec 2018,"$47,836,282",132 min,"The story of Dick Cheney, an unassuming bureaucratic Washington insider, who quietly wielded immense power as Vice President to George W. Bush, reshaping the country and the globe in ways that are still felt today.",Vice,7.2,"164,353"
103,105,40218400,"['Biography', 'Comedy', 'Drama']","['English', 'Italian', 'Russian', 'German']",Green Book,A working-class Italian-American bouncer becomes the driver of an African-American classical pianist on a tour of venues through the 1960s American South.,77.0,https://m.media-amazon.com/images/M/MV5BYzIzYmJlYTYtNGNiYy00N2EwLTk4ZjItMGYyZTJiOTVkM2RlXkEyXkFqcGdeQXVyODY1NDk1NjE@._V1_SX300.jpg,2018,1542306600,16 Nov 2018,"$85,080,171",130 min,A working-class Italian-American bouncer becomes the driver for an African-American classical pianist on a tour of venues through the 1960s American South.,Green Book,8.2,"592,332"
104,106,40218400,['Drama'],"['Spanish', 'Mixtec', 'English', 'Japanese', 'German', 'French', 'Norwegian']",Roma,A year in the life of a middle-class family's maid in Mexico City in the early 1970s.,96.0,https://m.media-amazon.com/images/M/MV5BMTU0OTc3ODk4Ml5BMl5BanBnXkFtZTgwMzM4NzI5NjM@._V1_SX300.jpg,2018,1544725800,14 Dec 2018,$ 0,135 min,A year in the life of a middle-class family's maid in Mexico City in the early 1970s.,Roma,7.7,"171,062"
105,107,40218400,"['Biography', 'Comedy', 'Drama']",['English'],The Favourite,"In early 18th century England, a frail Queen Anne occupies the throne, and her close friend Lady Sarah governs the country in her stead.",93.0,https://m.media-amazon.com/images/M/MV5BMTg1NzQwMDQxNV5BMl5BanBnXkFtZTgwNDg2NDYyNjM@._V1_SX300.jpg,2018,1545330600,21 Dec 2018,"$34,366,783",119 min,"In early 18th-century England, the status quo at the court is upset when a new servant arrives and endears herself to a frail Queen Anne.",The Favourite,7.5,"239,441"
107,109,40218400,"['Biography', 'Drama', 'History']",['English'],Judas and the Black Messiah,"Bill O'Neal infiltrates the Black Panther Party per FBI Agent Mitchell and J. Edgar Hoover. As party chairman Fred Hampton ascends, falling for a fellow revolutionary en route, a battle wages for O'Neal's soul.",96.0,https://m.media-amazon.com/images/M/MV5BMjBjYjBjNTUtOTg0Ni00Yzk2LTg1NWMtNjI2ODk2YjJmZGU0XkEyXkFqcGdeQXVyODE5NzE3OTE@._V1_SX300.jpg,2021,1613068200,12 Feb 2021,"$5,478,009",126 min,"Offered a plea deal by the FBI, William O'Neal infiltrates the Illinois chapter of the Black Panther Party to gather intelligence on Chairman Fred Hampton.",Judas and the Black Messiah,7.4,"92,539"
111,113,40218400,"['Drama', 'Music']",['English'],Ma Rainey's Black Bottom,"During a recording session in 1920s Chicago, tensions arise between legendary blues singer Ma Rainey, her ambitious horn player, and the white management determined to control the uncontrollable 'Mother of the Blues.'",97.0,https://m.media-amazon.com/images/M/MV5BNTBlZGY1OTAtN2RjMC00ZThiLWFiZmUtN2VkOGMxNmMyYjQwXkEyXkFqcGdeQXVyMDM2NDM2MQ@@._V1_SX300.jpg,2020,1608229800,18 Dec 2020,$ 0,94 min,Tensions rise when trailblazing blues singer Ma Rainey and her band gather at a recording studio in Chicago in 1927.,Ma Rainey's Black Bottom,6.9,"58,425"
112,114,40218400,"['Biography', 'Comedy', 'Drama']","['English', 'Spanish', 'Italian', 'Latin', 'Portuguese', 'French', 'German']",The Two Popes,"Behind Vatican walls, the conservative Pope Benedict and the liberal future Pope Francis must find common ground to forge a new path for the Catholic Church.",89.0,https://m.media-amazon.com/images/M/MV5BY2RiOTc1YmYtMDk0Yy00ZWI4LTgzN2YtYTg2ZDZmOGIwNTA1XkEyXkFqcGdeQXVyMTMxODk2OTU@._V1_SX300.jpg,2019,1576780200,20 Dec 2019,$ 0,125 min,"Behind Vatican walls, the conservative Pope Benedict XVI and the liberal future Pope Francis must find common ground to forge a new path for the Catholic Church.",The Two Popes,7.6,"134,073"
116,118,40218400,"['Action', 'Drama', 'History']","['English', 'German', 'French', 'Latin']",The Last Duel,King Charles VI declares that Knight Jean de Carrouges settle his dispute with his squire by challenging him to a duel.,85.0,https://m.media-amazon.com/images/M/MV5BZGExZTUzYWQtYWJjZi00OTI4LTk4OGYtNTA2YzcwMmNiZTMxXkEyXkFqcGdeQXVyMTEyMjM2NDc2._V1_SX300.jpg,2021,1634236200,15 Oct 2021,"$10,853,945",152 min,The Knight Jean de Carrouges must settle the dispute over his wife Marguerite by challenging his former friend to a duel to the death.,The Last Duel,7.3,"186,606"
119,121,40218400,"['Drama', 'Romance']",['English'],Malcolm,"A filmmaker and his girlfriend return home following a celebratory movie premiere, as simmering tensions and painful revelations push them toward a romantic reckoning.",0.0,https://m.media-amazon.com/images/M/MV5BZGMyYjIxYmMtODM3OC00MjFmLTk5YzMtY2VkYTRkNGQ0YTU5XkEyXkFqcGdeQXVyNjMwMjk0MTQ@._V1_SX300.jpg,2021,531513000,05 Nov 1986,"$544,472",85 min,A socially awkward and mechanically gifted man becomes involved in a quirky and unconventional crime.,Malcolm,7.1,"2,892"
120,122,40218400,"['Biography', 'Drama', 'History']",['English'],The Dig,An archaeologist embarks on the historically significant excavation of Sutton Hoo in 1938.,88.0,https://m.media-amazon.com/images/M/MV5BY2RmZmI0NDMtMGQzOC00YWU3LTkwYWUtMDRkNDBjZDg3YTkyXkEyXkFqcGdeQXVyMTEyMjM2NDc2._V1_SX300.jpg,2021,1611858600,29 Jan 2021,$ 0,112 min,An archaeologist embarks on the historically important excavation of Sutton Hoo in 1938.,The Dig,7.1,"83,622"
121,123,40218400,"['Biography', 'Drama', 'History']",['English'],The Eyes of Tammy Faye,"An intimate look at the extraordinary rise, fall, and redemption of televangelist Tammy Faye Bakker.",68.0,https://m.media-amazon.com/images/M/MV5BNTg3ZTU5YjAtMGM2OC00YjQzLWE5MTctOGEwMjU0YWY0MmZkXkEyXkFqcGdeQXVyMjgyOTI1ODY@._V1_SX300.jpg,2021,1631817000,17 Sep 2021,"$2,404,127",126 min,"An intimate look at the extraordinary rise, fall and redemption of televangelist Tammy Faye Bakker.",The Eyes of Tammy Faye,6.6,"39,568"
123,125,40218400,['Drama'],"['English', 'Persian']",C'mon C'mon,"When his sister asks him to look after her son, a radio journalist embarks on a cross-country trip with his energetic nephew to show him life away from the big city.",0.0,https://m.media-amazon.com/images/M/MV5BYzM3Zjg3ZjEtYTgxNC00MmUwLWFkNjctMDkyNmY3ZTVkM2Q5XkEyXkFqcGc@._V1_SX300.jpg,2021,1637692200,24 Nov 2021,"$1,863,674",109 min,"When his sister asks him to look after her son, a radio journalist embarks on a cross-country trip with his energetic nephew to show him life away from Los Angeles.",C'mon C'mon,7.4,"39,838"
124,126,40218400,"['Biography', 'Drama', 'History']","['French', 'Latin']",Benedetta,A 17th-century nun in Italy suffers from disturbing religious and erotic visions.,84.0,https://m.media-amazon.com/images/M/MV5BNGRiMmEzOTYtYThjZC00ZDk3LThmN2YtNzYxY2FjZWYyMjU0XkEyXkFqcGdeQXVyMTE1MzI2NzIz._V1_SX300.jpg,2021,1638469800,03 Dec 2021,"$354,481",131 min,"A 17th-century nun in Italy suffers from disturbing religious and erotic visions. She is assisted by a companion, and the relationship between the two women develops into a romantic love affair.",Benedetta,6.7,"26,107"
125,127,40218400,"['Drama', 'History', 'War']","['English', 'Persian']",The Tragedy of Macbeth,"A Scottish lord becomes convinced by a trio of witches that he will become the next King of Scotland, and his ambitious wife supports him in his plans of seizing power.",92.0,https://m.media-amazon.com/images/M/MV5BMzM0YWNmMDEtNmI3Yy00NjQ4LWJlZjMtMzk2YjUxOThhZGQxXkEyXkFqcGdeQXVyMDM2NDM2MQ@@._V1_SX300.jpg,2021,1642098600,14 Jan 2022,$ 0,105 min,"A Scottish lord becomes convinced by a trio of witches that he will become the next King of Scotland, and his ambitious wife supports him in his plans of seizing power.",The Tragedy of Macbeth,7.1,"40,427"
126,128,40218400,['Drama'],['English'],Passing,"In 1920s New York City, a Black woman finds her world upended when her life becomes intertwined with a former childhood friend who's passing as white.",90.0,https://m.media-amazon.com/images/M/MV5BYTNhOTlmMDYtNWUyMi00Y2E0LThmYmItNGY4ZGI2ZDgwZmI3XkEyXkFqcGdeQXVyMTEyMjM2NDc2._V1_SX300.jpg,2021,1636482600,10 Nov 2021,$ 0,98 min,"""Passing"" follows the unexpected reunion of two high school friends, whose renewed acquaintance ignites a mutual obsession that threatens both of their carefully constructed realities.",Passing,6.6,"16,709"
127,129,40218400,['Drama'],['English'],Mass,Aftermath of a violent tragedy that affects the lives of two couples in different ways.,95.0,https://m.media-amazon.com/images/M/MV5BZGM3MDg1YzYtMzM0MS00ZGY2LWE4ZjctZDZhYmZlYjVlZGE5XkEyXkFqcGdeQXVyNjY1MTg4Mzc@._V1_SX300.jpg,2021,1634236200,15 Oct 2021,"$145,174",111 min,The parents of both the shooter and one of the victims of a school shooting tragedy agree to meet and talk in an attempt to move forward.,Mass,7.6,"17,830"
128,130,40218400,"['Drama', 'Fantasy']",['French'],Petite Maman,"Nelly has just lost her grandmother and is helping her parents clean out her mother's childhood home. One day, she meets a girl her age as she's building a treehouse.",97.0,https://m.media-amazon.com/images/M/MV5BM2EyZjE2NWUtNTg4ZC00OThmLTlmMzktMmFkOWRmZTc4ZWMwXkEyXkFqcGdeQXVyMTM1MTE1NDMx._V1_SX300.jpg,2021,1651775400,06 May 2022,"$829,065",73 min,Nelly has just lost her grandmother and is helping her parents clean out her mother's childhood home. She explores the house and the surrounding woods. One day she meets a girl her age building a tree-house.,Petite Maman,7.4,"18,339"
129,131,40218400,"['Crime', 'Drama', 'Thriller']",['English'],The Card Counter,"Redemption is the long game in Paul Schrader's The Card Counter. Told with Schrader's trademark cinematic intensity, the revenge thriller tells the story of an ex-military interrogator turned gambler.",0.0,https://m.media-amazon.com/images/M/MV5BNTMyNzQ4MmUtMmJiYy00YjlmLWJiMzktNjc1MGNlMzBjYjhiXkEyXkFqcGdeQXVyMDA4NzMyOA@@._V1_SX300.jpg,2021,1631212200,10 Sep 2021,"$2,657,850",111 min,"William Tell is an ex-military interrogator living under the radar as a low-stakes gambler. When he encounters a young man looking to commit revenge against a mutual enemy, he takes him on the casino circuit to set him on a new path.",The Card Counter,6.2,"43,686"
130,132,40218400,"['Biography', 'Drama']",['English'],Being the Ricardos,Follows Lucy and Desi as they face a crisis that could end their careers and another that could end their marriage.,68.0,https://m.media-amazon.com/images/M/MV5BNDlmZDU5MmUtNWFmMy00OTQ1LTk1YTctOTI3ZmU1YzZiYmZmXkEyXkFqcGdeQXVyMDM2NDM2MQ@@._V1_SX300.jpg,2021,1640025000,21 Dec 2021,$ 0,131 min,Follows Lucy and Desi as they face a crisis that could end their careers--and another that could end their marriage.,Being the Ricardos,6.5,"45,124"
131,133,40218400,['Drama'],"['Italian', 'Neapolitan']",The Hand of God,"In 1980s Naples, Italy, a young boy experiences the joys and tragedies of ordinary life, underpinned by the arrival of soccer legend Diego Maradona.",83.0,https://m.media-amazon.com/images/M/MV5BNmNlYzgwYTAtNDZjMS00YmU3LWFjODYtOWY5MzRhNDVhMzM2XkEyXkFqcGdeQXVyMTU3NDU4MDg2._V1_SX300.jpg,2021,1639506600,15 Dec 2021,$ 0,130 min,"In 1980s Naples, young Fabietto pursues his love for football as family tragedy strikes, shaping his uncertain but promising future as a filmmaker.",The Hand of God,7.3,"50,369"
132,134,40218400,"['Comedy', 'Drama', 'Romance']",['Norwegian'],The Worst Person in the World,"Chronicles four years in the life of Julie, a young woman who navigates the troubled waters of her love life and struggles to find her career path.",96.0,https://m.media-amazon.com/images/M/MV5BOWZkMGY2MzgtMTA0My00OTAxLTk0MDEtNWNjMWVhZGMyNGJiXkEyXkFqcGdeQXVyMTk4NTIzMzI@._V1_SX300.jpg,2021,1634063400,13 Oct 2021,"$3,034,775",128 min,"The chronicles of four years in the life of Julie, a young woman who navigates the troubled waters of her love life and struggles to find her career path, leading her to take a realistic look at who she really is.",The Worst Person in the World,7.7,"102,047"
133,135,40218400,"['Crime', 'Horror', 'Mystery']",['English'],Spiral,"A criminal mastermind unleashes a twisted form of justice in Spiral, the terrifying new chapter from the book of Saw.",37.0,https://m.media-amazon.com/images/M/MV5BOGU1ODAwZTItYzg2Ny00NzdmLTg0OTktZTQyYmE0OGMxYjdjXkEyXkFqcGc@._V1_SX300.jpg,2021,1620930600,14 May 2021,"$23,216,862",93 min,"A criminal mastermind unleashes a twisted form of justice in Spiral, the terrifying new chapter from the book of Saw.",Spiral,5.2,"69,600"
134,136,40218400,"['Crime', 'Drama', 'Thriller']","['English', 'Spanish', 'Arabic']",The Little Things,"Two cops track down a serial killer, but their personal differences put them at odds.",45.0,https://m.media-amazon.com/images/M/MV5BOGFlNTdmYWQtM2IzMi00YTY3LTlmMDQtZDI5NGQ5MjYzZmEwXkEyXkFqcGdeQXVyNjY1MTg4Mzc@._V1_SX300.jpg,2021,1611858600,29 Jan 2021,"$15,342,746",128 min,"Kern County Deputy Sheriff Joe Deacon is sent to Los Angeles for what should have been a quick evidence-gathering assignment. Instead, he becomes embroiled in the search for a serial killer who is terrorizing the city.",The Little Things,6.3,"130,427"
135,137,40218400,"['Drama', 'Horror', 'Mystery']",['English'],Last Night in Soho,"An aspiring fashion designer is mysteriously able to enter the 1960s, where she encounters a dazzling wannabe singer. But the glamour is not all it appears to be.",76.0,https://m.media-amazon.com/images/M/MV5BZjgwZDIwY2MtNGZlNy00NGRlLWFmNTgtOTBkZThjMDUwMGJhXkEyXkFqcGdeQXVyMTEyMjM2NDc2._V1_SX300.jpg,2021,1635445800,29 Oct 2021,"$10,127,625",116 min,"Aspiring fashion designer Eloise is mysteriously able to return to 1960s London, where she encounters dazzling wannabe singer Sandie. But the glamour is not as it seems, and the dreams of the past crack and splinter into something...",Last Night in Soho,7.0,"182,132"
136,138,40218400,"['Action', 'Crime', 'Thriller']","['English', 'Spanish', 'Arabic']",Wrath of Man,"Mysterious and wild-eyed, a new security guard for a cash truck surprises his coworkers when he unleashes precision skills during a heist.",68.0,https://m.media-amazon.com/images/M/MV5BNGVkOTlhOTktNjZiNS00NDg3LWIxMDAtZTY5Y2E0YjllN2IxXkEyXkFqcGdeQXVyMTkxNjUyNQ@@._V1_SX300.jpg,2021,1620325800,07 May 2021,"$27,466,489",119 min,A mysteriously stoic character is hired as a security guard by a cash truck company responsible for transporting a lot of money around Los Angeles each week.,Wrath of Man,7.1,"212,922"
137,139,40218400,"['Drama', 'Sci-Fi']",['English'],Finch,"On a post-apocalyptic Earth, a robot, built to protect the life of his creator's beloved dog, learns about life, love, friendship, and what it means to be human.",74.0,https://m.media-amazon.com/images/M/MV5BZTMxYjk3MmItMzk1OC00NmRhLThlMjYtNmQyNzA0MzgxMWI2XkEyXkFqcGdeQXVyMDM2NDM2MQ@@._V1_SX300.jpg,2021,1636050600,05 Nov 2021,$ 0,115 min,"On a post-apocalyptic Earth, a robot, built to protect the life of his creator's beloved dog learns about life, love, friendship and what it means to be human.",Finch,6.9,"99,188"
138,140,40218400,"['Drama', 'Fantasy', 'Horror']",['Icelandic'],Lamb,A childless couple in rural Iceland makes an alarming discovery one day in their sheep barn. They soon face the consequences of defying the will of nature.,86.0,https://m.media-amazon.com/images/M/MV5BOWM1ZjViN2MtNGVjMS00MTgxLWJjZTQtMmI1YWJiZTgxZGMwXkEyXkFqcGc@._V1_SX300.jpg,2021,1633631400,08 Oct 2021,"$2,676,410",106 min,A childless couple discovers a mysterious newborn on their farm in Iceland.,Lamb,6.3,"39,899"
139,141,40218400,"['Drama', 'Horror', 'Mystery']",['English'],Old,A vacationing family discovers that the secluded beach where they are staying is somehow causing them to age rapidly.,50.0,https://m.media-amazon.com/images/M/MV5BMjJjZGRhM2YtNTU4NC00OWMwLThhYWUtMWUxNDNhMDZlOTNmXkEyXkFqcGdeQXVyODE5NzE3OTE@._V1_SX300.jpg,2021,1626978600,23 Jul 2021,"$48,276,510",108 min,"A vacationing family discovers that the secluded beach where they're relaxing for a few hours is somehow causing them to age rapidly, reducing their entire lives into a single day.",Old,5.8,"167,994"
140,142,40218400,"['Comedy', 'Crime', 'Drama']",['English'],Zola,A stripper named Zola embarks on a wild road trip to Florida that quickly spirals out of control.,88.0,https://m.media-amazon.com/images/M/MV5BNjNjMWJhYTktZDk5Ny00OWM3LTlmYzYtYmEwMDM3NGYwNmUxXkEyXkFqcGdeQXVyMTkxNjUyNQ@@._V1_SX300.jpg,2020,1624991400,30 Jun 2021,"$4,844,399",86 min,A stripper named Zola embarks on a wild road trip to Florida.,Zola,6.4,"18,417"
141,143,40218400,"['Action', 'Drama', 'Western']",['English'],The Harder They Fall,"When outlaw Nat Love discovers that his enemy Rufus Buck is being released from prison, he rounds up his gang to track Rufus down and seek revenge.",88.0,https://m.media-amazon.com/images/M/MV5BZTQwYThhZTYtZTQ3MC00NDQ0LWFkZGMtMzdiMTU3OGJiYTY0XkEyXkFqcGdeQXVyODE5NzE3OTE@._V1_SX300.jpg,2021,1635877800,03 Nov 2021,$ 0,139 min,"When an outlaw discovers his enemy is being released from prison, he reunites his gang to seek revenge.",The Harder They Fall,6.6,"72,219"
142,144,40218400,"['Action', 'Crime', 'Drama']","['English', 'Russian', 'Spanish']",Nobody,"A mild-mannered man finds his long-suppressed violent instincts triggered after his house is robbed, leading him to reveal his dark, hidden past.",83.0,https://m.media-amazon.com/images/M/MV5BMjM5YTRlZmUtZGVmYi00ZjE2LWIyNzAtOWVhMDk1MDdkYzhjXkEyXkFqcGdeQXVyMjMxOTE0ODA@._V1_SX300.jpg,2021,1616697000,26 Mar 2021,"$27,568,035",92 min,"A docile family man slowly reveals his true character after his house gets burgled by two petty thieves, which, coincidentally, leads him into a bloody war with a Russian crime boss.",Nobody,7.4,"333,861"
143,145,40218400,"['Drama', 'Horror', 'Mystery']",['English'],The Night House,A widow begins to uncover her recently deceased husband's disturbing secrets as she starts to experience strange occurrences in her lakeside home.,80.0,https://m.media-amazon.com/images/M/MV5BZmIwNjJhOGYtNDcyNi00Yjc4LThiNTktMDM2ZjFhM2YxMTljXkEyXkFqcGdeQXVyODk4OTc3MTY@._V1_SX300.jpg,2020,1629397800,20 Aug 2021,"$7,100,581",107 min,A widow begins to uncover her recently deceased husband's disturbing secrets.,The Night House,6.4,"69,274"
144,146,40218400,"['Comedy', 'Crime']","['English', 'French']",Cruella,A live-action prequel feature film following a young Cruella de Vil in 1970s London.,75.0,https://m.media-amazon.com/images/M/MV5BOWI5YTUxOWEtZmRiZS00ZmQxLWE2NzctYTRiODA2NzE1ZjczXkEyXkFqcGdeQXVyMDM2NDM2MQ@@._V1_SX300.jpg,2021,1622140200,28 May 2021,"$86,103,234",134 min,A live-action prequel feature film following a young Cruella de Vil.,Cruella,7.3,"270,812"
145,147,40218400,"['Crime', 'Drama']","['English', 'Italian', 'Latin']",The Many Saints of Newark,"Young Anthony Soprano is growing up in one of the most tumultuous eras in Newark, just as rival gangsters begin to rise up and challenge the all-powerful DiMeo crime family.",71.0,https://m.media-amazon.com/images/M/MV5BYmMyNjEwM2YtYTY1OS00NmE4LWIxYjAtNjA5Y2MwNzg3MGRhXkEyXkFqcGc@._V1_SX300.jpg,2021,1633026600,01 Oct 2021,"$8,237,403",120 min,"Witness the making of Tony Soprano. The story that reveals the humanity behind Tony's struggles and the influence his family - especially his uncle, Dickie Moltisanti - had over him becoming the most iconic mob boss of all time.",The Many Saints of Newark,6.3,"64,580"
146,148,40218400,"['Crime', 'Drama', 'Thriller']","['English', 'French']",Stillwater,"A father travels from Oklahoma to France to help his estranged daughter, who is in prison for a murder she claims she didn't commit.",75.0,https://m.media-amazon.com/images/M/MV5BN2IzMTUyMDUtZGJmZC00YWMzLWFhMGMtZjQwMTkzMzViMjFkXkEyXkFqcGdeQXVyMTEyMjM2NDc2._V1_SX300.jpg,2021,1627583400,30 Jul 2021,"$14,465,535",139 min,"A father travels from Oklahoma to France to help his estranged daughter, who is in prison for a murder she claims she didn't commit.",Stillwater,6.6,"59,565"
147,149,40218400,"['Crime', 'Drama', 'Mystery']",['English'],The Woman in the Window,"An agoraphobic woman living alone in New York begins spying on her new neighbors, only to witness a disturbing act of violence.",25.0,https://m.media-amazon.com/images/M/MV5BYmVlNWJkZWYtYmJkMy00YTZlLTgwODMtZjVmOGMzMmM1ZTk2XkEyXkFqcGdeQXVyMTAyMjQ3NzQ1._V1_SX300.jpg,2021,1620930600,14 May 2021,$ 0,100 min,An agoraphobic woman living alone in New York begins spying on her new neighbors; only to witness a disturbing act of violence.,The Woman in the Window,5.7,"84,169"
